App Name,Country,Category,Sensor Tower Link,Release Date,Last 30D Downloads WW,Last 30D Revenue WW,Ads Network,How They Get Their Money,Keyword 1,KW1 Advanced Search Link,KW1 Results,Keyword 2,KW2 Advanced Search Link,KW2 Results,Keyword 3,KW3 Advanced Search Link,KW3 Results,Market Verdict,App Description,Why I could work
ATC - Live Air Traffic Radio,US,Travel,https://app.sensortower.com/overview/6755132266?country=US,2026-01-12,"69,000","$413,900",New,ORGANIC. App name = search keyword. Built $414K/mo BEFORE running any ads. US/UK/Canada organic aviation markets. Only now testing UA.,live air traffic,https://app.sensortower.com/search?entity_type=app&os=unified&device=iphone&device=ipad&device=android&search_by=name&search_by=description&search_by=subtitle&page=1&page_size=25&term=live+air+traffic,4 pages ~80 results — Flight Tracker+ $261K / Plane Finder $130K / LiveATC $24K,flight tracker live,https://app.sensortower.com/search?entity_type=app&os=unified&device=iphone&device=ipad&device=android&search_by=name&search_by=description&search_by=subtitle&page=1&page_size=25&term=flight+tracker+live,3 pages ~60 results — heavily crowded generic flight tracker market,aviation radio,https://app.sensortower.com/search?entity_type=app&os=unified&device=iphone&device=ipad&device=android&search_by=name&search_by=description&search_by=subtitle&page=1&page_size=25&term=aviation+radio,2 pages ~30 results — mostly education/training. AUDIO ATC niche has <5 real competitors,⚠️ YELLOW — Broad flight tracking crowded but live ATC AUDIO angle has only 2-3 real competitors,Listens to real radio chatter between pilots and airport towers while a flight tracker shows the planes.,Aviation fans love hearing real ATC. Only a few apps mix the radio audio with a live map.
Sky Radar: Live Flights,US,Travel,https://app.sensortower.com/overview/6758307448?country=US,2026-02-05,"86,000","$2,000",Active,PAID UA. Sky Radar is a brand name. 86K DLs with only $2K rev = $0.02 RPD. Active ads. Buying chart position but users dont convert.,live flight tracker,https://app.sensortower.com/search?entity_type=app&os=unified&device=iphone&device=ipad&device=android&search_by=name&search_by=description&search_by=subtitle&page=1&page_size=25&term=live+flight+tracker,8 pages 175+ results — Flightradar24 $2.5M/mo / Flighty $1.2M/mo / FlightAware $48K/mo,flight tracker live,https://app.sensortower.com/search?entity_type=app&os=unified&device=iphone&device=ipad&device=android&search_by=name&search_by=description&search_by=subtitle&page=1&page_size=25&term=flight+tracker+live,3 pages ~60 results — same crowded market different angle,live air traffic,https://app.sensortower.com/search?entity_type=app&os=unified&device=iphone&device=ipad&device=android&search_by=name&search_by=description&search_by=subtitle&page=1&page_size=25&term=live+air+traffic,4 pages — overlaps with App 1. Confirms same crowded space,🔴 RED — Very crowded. 175+ apps. Dominated by incumbents. Burning money on UA,Shows planes flying live in the sky on a map of the world.,"Tons of bigger flight trackers already exist (Flightradar24, Flighty). This one is just burning money on ads."
Mappa: GPS & Live Earth Camera,US,Travel,https://app.sensortower.com/overview/6756056112?country=US,2025-12-11,"57,000","$21,800",Inactive,ORGANIC / ASO. Zero ads. Keyword-stuffed title. Vietnam publisher. US/Brazil/Mexico organic search. Aggressive sub pricing.,live earth camera,https://app.sensortower.com/search?entity_type=app&os=unified&device=iphone&device=ipad&device=android&search_by=name&search_by=description&search_by=subtitle&page=1&page_size=25&term=live+earth+camera,7 pages 150+ results — packed with clones: Live Earth Map 1.2M DLs / GPS Satellite 463K DLs,3d earth map,https://app.sensortower.com/search?entity_type=app&os=unified&device=iphone&device=ipad&device=android&search_by=name&search_by=description&search_by=subtitle&page=1&page_size=25&term=3d+earth+map,7 pages 150+ results — same clone market. Live Earth Map $137K/mo dominates,gps live satellite view,https://app.sensortower.com/search?entity_type=app&os=unified&device=iphone&device=ipad&device=android&search_by=name&search_by=description&search_by=subtitle&page=1&page_size=25&term=gps+live+satellite+view,1 page 25 results — mostly dead apps with 0 downloads,🔴 RED — Very crowded clone market. 150+ apps. Known template play. Race to the bottom,Lets you peek at any place on Earth from above and at street level using satellite pictures.,150+ copy apps fight for the same users. Google Maps gives this away free. Hard to win.
Focus Town: Study With Friends,US,Productivity,https://app.sensortower.com/overview/6758457625?country=US,2026-02-06,"531,000","$34,600",N/A,MIXED — likely organic + viral. Subtitle contains searchable keywords. 531K DLs in 3 months with no visible ad network = viral growth from TikTok/student communities + ASO. Top countries US/South Korea/UK.,study with friends,https://app.sensortower.com/search?entity_type=app&os=unified&device=iphone&device=ipad&device=android&search_by=name&search_by=description&search_by=subtitle&page=1&page_size=25&term=study+with+friends,4 pages ~100 results — Focus Town #2 with 531K DLs. Focus Tree 72K/$11K and Regain 321K/$1K nearest competitors,pomodoro focus timer,https://app.sensortower.com/search?entity_type=app&os=unified&device=iphone&device=ipad&device=android&search_by=name&search_by=description&search_by=subtitle&page=1&page_size=25&term=pomodoro+focus+timer,13 pages ~325 results — Structured $248K/mo dominates. Most dead apps. Only 5-6 active competitors,focus timer adhd,https://app.sensortower.com/search?entity_type=app&os=unified&device=iphone&device=ipad&device=android&search_by=name&search_by=description&search_by=subtitle&page=1&page_size=25&term=focus+timer+adhd,1 page 8 results — ALL with 0 downloads. ADHD + focus niche completely empty,🟢 GREEN — Gamified study-with-friends + ADHD angle genuinely uncrowded. Social/multiplayer layer is real differentiator. 531K DLs in 3 months no visible ad spend.,"A study app where you sit with friends online and work on stuff together, like a video game.",Studying alone is boring. Kids love hanging out while they study. TikTok made this go viral.
SocialLiteApp,US,Productivity,https://app.sensortower.com/overview/6757661674?country=US,2026-01-29,"22,000","$2,000",N/A,ORGANIC / VIRAL. Brand name not a keyword. No visible ads. 22K DLs from US/UK/Canada = word-of-mouth and digital wellness community. Novel concept: removes addictive features instead of blocking.,stop scrolling social media,https://app.sensortower.com/search?entity_type=app&os=unified&device=iphone&device=ipad&device=android&search_by=name&search_by=description&search_by=subtitle&page=1&page_size=25&term=stop+scrolling+social+media,1 result — only 1 dead app. This specific angle barely exists,screen time limit,https://app.sensortower.com/search?entity_type=app&os=unified&device=iphone&device=ipad&device=android&search_by=name&search_by=description&search_by=subtitle&page=1&page_size=25&term=screen+time+limit,7 pages ~175 results — crowded with Opal $585K/mo / Kids360 $555K/mo / minimalist phone $149K/mo,social media detox,https://app.sensortower.com/search?entity_type=app&os=unified&device=iphone&device=ipad&device=android&search_by=name&search_by=description&search_by=subtitle&page=1&page_size=25&term=social+media+detox,Novel angle — removes addictive features instead of blocking. Almost no direct competitors,⚠️ YELLOW — Broader screen time market RED (Opal $585K/mo) but removing addictive features angle is novel. $2K/mo early. Worth watching.,Helps you stop scrolling social media by quietly removing the addictive parts of the apps.,Many people want to stop doom-scrolling. Big screen-time apps just block — this one is smarter.
Alarm Clock to Wake Up: Wayk,US,Health & Fitness,https://app.sensortower.com/overview/6758021281?country=US,2026-02-03,"124,000","$172,200",N/A,"MIXED. Keyword-rich name ""alarm clock wake up"". Strong $1.39 RPD. 124K downloads with $172K revenue in 3 months = organic ASO + likely paid UA.",alarm clock wake up,https://app.sensortower.com/search?entity_type=app&os=unified&device=iphone&device=ipad&device=android&search_by=name&search_by=description&search_by=subtitle&page=1&page_size=25&term=alarm+clock+wake+up,33 pages ~825 results — massively crowded alarm market,smart alarm clock app,https://app.sensortower.com/search?entity_type=app&os=unified&device=iphone&device=ipad&device=android&search_by=name&search_by=description&search_by=subtitle&page=1&page_size=25&term=smart+alarm+clock+app,3 pages ~75 results — moderate competition in smart alarm niche,alarm clock heavy sleepers,https://app.sensortower.com/search?entity_type=app&os=unified&device=iphone&device=ipad&device=android&search_by=name&search_by=description&search_by=subtitle&page=1&page_size=25&term=alarm+clock+heavy+sleepers,1 page ~25 results — niche angle less crowded,🔴 RED — Alarm clock market extremely crowded (825+ results). Even niche angles have dozens of competitors. Dominated by established players.,Loud alarm clock built to wake up even very heavy sleepers.,The alarm clock space is jammed with hundreds of apps. Hard to stand out.
Sleepmaxx AI,US,Health & Fitness,https://app.sensortower.com/overview/6756597221?country=US,2025-12-23,"14,000",$100,N/A,"ORGANIC / VIRAL. TikTok-friendly brand ""Sleepmaxx"" riding the ""maxxing"" cultural trend. $100 revenue = pre-monetization. 14K DLs from trend awareness not keyword search.",ai sleep tracker,https://app.sensortower.com/search?entity_type=app&os=unified&device=iphone&device=ipad&device=android&search_by=name&search_by=description&search_by=subtitle&page=1&page_size=25&term=ai+sleep+tracker,1 page ~25 results — AI sleep niche is small,sleep optimization app,https://app.sensortower.com/search?entity_type=app&os=unified&device=iphone&device=ipad&device=android&search_by=name&search_by=description&search_by=subtitle&page=1&page_size=25&term=sleep+optimization+app,1 page ~25 results — few dedicated optimization apps,sleep quality tracker,https://app.sensortower.com/search?entity_type=app&os=unified&device=iphone&device=ipad&device=android&search_by=name&search_by=description&search_by=subtitle&page=1&page_size=25&term=sleep+quality+tracker,1 page ~25 results — few dedicated sleep quality trackers,"⚠️ YELLOW — AI sleep tracking niche small (<75 results) but broader sleep market crowded. ""Maxxing"" trend provides unique positioning. $100 revenue = poor monetization needs fixing.","Tracks your sleep with AI and rides the ""looksmaxxing"" TikTok trend.","The ""maxxing"" trend is hot online, but the app barely makes any money yet."
Stella - Manifest Anything,US,Health & Fitness,https://app.sensortower.com/overview/6757347283?country=US,2026-01-29,"59,000","$204,500",N/A,"PAID UA / MIXED. ""Stella"" is a brand name nobody searches for. Excellent $3.47 RPD. $204K/mo with non-searchable name = likely running paid ads. Manifestation community also drives viral sharing.",manifestation app,https://app.sensortower.com/search?entity_type=app&os=unified&device=iphone&device=ipad&device=android&search_by=name&search_by=description&search_by=subtitle&page=1&page_size=25&term=manifestation+app,4 pages ~100 results — moderately crowded manifestation market,manifest journal,https://app.sensortower.com/search?entity_type=app&os=unified&device=iphone&device=ipad&device=android&search_by=name&search_by=description&search_by=subtitle&page=1&page_size=25&term=manifest+journal,1 page ~25 results — small journaling sub-niche,law of attraction app,https://app.sensortower.com/search?entity_type=app&os=unified&device=iphone&device=ipad&device=android&search_by=name&search_by=description&search_by=subtitle&page=1&page_size=25&term=law+of+attraction+app,3 pages ~75 results — established spiritual/LOA market,⚠️ YELLOW — Manifestation market moderately crowded (~200 results). But Stella $204K/mo proves strong willingness to pay. Brand-driven UA approach works.,"A journal that helps you ""manifest"" the life and stuff you want, like a vision board on your phone.",People in the manifesting community spend lots of money on this. Stella proves it works.
Safe Choice - Product Scanner,US,Health & Fitness,https://app.sensortower.com/overview/6758905553?country=US,2026-03-09,"52,000","$12,600",N/A,"ORGANIC / ASO. Name contains searchable keywords ""product scanner"". 52K DLs in 2 months with $12.6K rev. Riding food safety/ingredient awareness trend.",food ingredient scanner,https://app.sensortower.com/search?entity_type=app&os=unified&device=iphone&device=ipad&device=android&search_by=name&search_by=description&search_by=subtitle&page=1&page_size=25&term=food+ingredient+scanner,1 page ~25 results — very few dedicated ingredient scanners,product safety scanner,https://app.sensortower.com/search?entity_type=app&os=unified&device=iphone&device=ipad&device=android&search_by=name&search_by=description&search_by=subtitle&page=1&page_size=25&term=product+safety+scanner,1 page ~25 results — safety angle barely exists,food scanner app,https://app.sensortower.com/search?entity_type=app&os=unified&device=iphone&device=ipad&device=android&search_by=name&search_by=description&search_by=subtitle&page=1&page_size=25&term=food+scanner+app,3 pages ~75 results — moderate competition in food scanning,🟢 GREEN — Food safety/product scanning niche uncrowded (<125 results). Trending due to health consciousness. 52K DLs in 2 months validates demand.,Scans food and beauty products to tell you if the ingredients are safe.,Health-conscious shoppers want this. Only a few apps do food + product safety scanning.
Military Calisthenics Women,US,Health & Fitness,https://app.sensortower.com/overview/6755748144?country=US,2025-12-14,"72,000","$144,800",N/A,ORGANIC / ASO. Every word in name is a searchable keyword. $144.8K/mo with $2.01 RPD = excellent monetization. Targeting underserved niche (women calisthenics with military branding).,calisthenics app,https://app.sensortower.com/search?entity_type=app&os=unified&device=iphone&device=ipad&device=android&search_by=name&search_by=description&search_by=subtitle&page=1&page_size=25&term=calisthenics+app,2 pages ~50 results — moderate competition,women workout no equipment,https://app.sensortower.com/search?entity_type=app&os=unified&device=iphone&device=ipad&device=android&search_by=name&search_by=description&search_by=subtitle&page=1&page_size=25&term=women+workout+no+equipment,1 page ~25 results — small underserved niche,bodyweight workout app,https://app.sensortower.com/search?entity_type=app&os=unified&device=iphone&device=ipad&device=android&search_by=name&search_by=description&search_by=subtitle&page=1&page_size=25&term=bodyweight+workout+app,2 pages ~50 results — moderate competition,"⚠️ YELLOW — Broader workout market massive but ""calisthenics women"" is differentiated. ~125 results across keywords. $144K/mo proves market exists. Military branding = unique positioning.",Workout app with army-style calisthenics moves made just for women.,"Women want bodyweight workouts without big gear. The ""military"" twist makes it feel special."
Hear Baby Heartbeat - Molio,US,Health & Fitness,https://app.sensortower.com/overview/6760187447?country=US,2026-03-12,"25,000","$15,400",N/A,"ORGANIC / ASO. ""Hear Baby Heartbeat"" = exact search keyword. $15.4K/mo with $0.62 RPD. Pregnancy niche with emotional appeal = high conversion.",baby heartbeat monitor,https://app.sensortower.com/search?entity_type=app&os=unified&device=iphone&device=ipad&device=android&search_by=name&search_by=description&search_by=subtitle&page=1&page_size=25&term=baby+heartbeat+monitor,4 pages ~100 results — established pregnancy niche,pregnancy heartbeat,https://app.sensortower.com/search?entity_type=app&os=unified&device=iphone&device=ipad&device=android&search_by=name&search_by=description&search_by=subtitle&page=1&page_size=25&term=pregnancy+heartbeat,1 page ~25 results — small overlap with broader pregnancy apps,hear baby heartbeat,https://app.sensortower.com/search?entity_type=app&os=unified&device=iphone&device=ipad&device=android&search_by=name&search_by=description&search_by=subtitle&page=1&page_size=25&term=hear+baby+heartbeat,1 page ~25 results — few direct competitors for audio feature,⚠️ YELLOW — Baby heartbeat monitor market has ~100 results with some established players. Strong emotional appeal drives conversion. $15.4K/mo validates demand. Pregnancy = natural lifecycle churn.,Lets pregnant moms hear their baby's heartbeat through the phone.,"Pregnancy is emotional, so moms pay for this. Only a few apps focus on the heartbeat itself."
MacroFactor - Macro Tracker,US,Health & Fitness,https://app.sensortower.com/overview/1553503471?country=US,2021-09-15,"26,000","$235,000",N/A,"ORGANIC. ""Macro Tracker"" = searchable keyword. Established app (2021) with loyal user base and excellent $9.04 RPD. Brand loyalty built over years.",macro tracker,https://app.sensortower.com/search?entity_type=app&os=unified&device=iphone&device=ipad&device=android&search_by=name&search_by=description&search_by=subtitle&page=1&page_size=25&term=macro+tracker,36 pages ~900 results — massively crowded macro/nutrition market,workout nutrition tracker,https://app.sensortower.com/search?entity_type=app&os=unified&device=iphone&device=ipad&device=android&search_by=name&search_by=description&search_by=subtitle&page=1&page_size=25&term=workout+nutrition+tracker,1 page ~25 results — small niche combining workout + nutrition,macro counting app,https://app.sensortower.com/search?entity_type=app&os=unified&device=iphone&device=ipad&device=android&search_by=name&search_by=description&search_by=subtitle&page=1&page_size=25&term=macro+counting+app,"1 page ~25 results — few apps use ""macro counting"" specifically",🔴 RED — Macro tracker massively crowded (900+ results). Dominated by MyFitnessPal and established players. MacroFactor succeeds from brand built over years — not replicable.,"Counts the protein, carbs, and fat in your food so you can hit your goals.",Macro tracker is a huge crowded space. MyFitnessPal owns it. Very hard for a new app to win.
Ruut: Personal Coach,US,Health & Fitness,https://app.sensortower.com/overview/6755474436?country=US,2026-04-09,"12,000","$2,000",N/A,"ORGANIC. ""Ruut"" brand name with ""Personal Coach"" subtitle containing searchable keywords. $2K/mo early revenue. 12K DLs in ~1 month = decent organic growth.",personal coach app,https://app.sensortower.com/search?entity_type=app&os=unified&device=iphone&device=ipad&device=android&search_by=name&search_by=description&search_by=subtitle&page=1&page_size=25&term=personal+coach+app,1 page ~25 results — very uncrowded niche,ai life coach,https://app.sensortower.com/search?entity_type=app&os=unified&device=iphone&device=ipad&device=android&search_by=name&search_by=description&search_by=subtitle&page=1&page_size=25&term=ai+life+coach,6 pages ~150 results — moderately crowded AI coaching space,health coaching app,https://app.sensortower.com/search?entity_type=app&os=unified&device=iphone&device=ipad&device=android&search_by=name&search_by=description&search_by=subtitle&page=1&page_size=25&term=health+coaching+app,3 pages ~75 results — some competition in health coaching,"⚠️ YELLOW — ""AI life coach"" moderately crowded (150 results) but ""personal coach app"" very uncrowded. Health coaching has room for differentiated entries. $2K early revenue promising.",An AI life coach that helps you talk through goals and habits like a real coach.,"Life coaching is hot, but ""AI life coach"" is starting to fill up with copy apps."
Pep AI - Peptide Tracker,US,Health & Fitness,https://app.sensortower.com/overview/6758682710?country=US,2026-02-16,"12,000","$4,000",N/A,"ORGANIC. ""Peptide Tracker"" = exact niche keyword. GLP-1/peptide tracking is a NEW category. $4K/mo from niche market. Riding the massive GLP-1 weight loss drug trend.",peptide tracker,https://app.sensortower.com/search?entity_type=app&os=unified&device=iphone&device=ipad&device=android&search_by=name&search_by=description&search_by=subtitle&page=1&page_size=25&term=peptide+tracker,4 pages ~100 results — mostly generic health apps not peptide-specific,glp-1 tracker,https://app.sensortower.com/search?entity_type=app&os=unified&device=iphone&device=ipad&device=android&search_by=name&search_by=description&search_by=subtitle&page=1&page_size=25&term=glp-1+tracker,5 pages ~125 results — growing GLP-1/peptide niche,peptide dosing,https://app.sensortower.com/search?entity_type=app&os=unified&device=iphone&device=ipad&device=android&search_by=name&search_by=description&search_by=subtitle&page=1&page_size=25&term=peptide+dosing,1 page ~25 results — very specific dosing niche,🟢 GREEN — Peptide/GLP-1 tracking is new fast-growing niche. ~250 results but most generic. GLP-1 drug trend massive and growing. Early mover advantage.,Tracks the peptide shots people use for weight loss like Ozempic and Wegovy.,GLP-1 weight loss drugs are everywhere right now. This tool helps people manage their shots.
Sports Card Scanner: Spoly,US,Lifestyle,https://app.sensortower.com/overview/6760181919?country=US,2026-03-18,"45,000","$75,000",N/A,ORGANIC / ASO. Name contains exact search keywords. Strong $1.33 RPD. Sports card scanning with value estimation.,sports card scanner,https://app.sensortower.com/search?entity_type=app&os=unified&device=iphone&device=ipad&device=android&search_by=name&search_by=description&search_by=subtitle&page=1&page_size=25&term=sports+card+scanner,5 pages ~125 results — moderately crowded card scanning market,card value scanner,https://app.sensortower.com/search?entity_type=app&os=unified&device=iphone&device=ipad&device=android&search_by=name&search_by=description&search_by=subtitle&page=1&page_size=25&term=card+value+scanner,7 pages ~175 results — broader card value estimation market,pokemon card scanner,https://app.sensortower.com/search?entity_type=app&os=unified&device=iphone&device=ipad&device=android&search_by=name&search_by=description&search_by=subtitle&page=1&page_size=25&term=pokemon+card+scanner,2 pages ~50 results — niche Pokemon angle less crowded,⚠️ YELLOW — Card scanning moderately crowded (~350 results) but Spoly's $75K/mo and $1.33 RPD proves strong willingness to pay.,"Scans your sports cards to tell you what they're worth, like Pokémon for adults.",Card collecting is back big. Sellers need a quick way to see values.
Famircle: Family Locator,US,Lifestyle,https://app.sensortower.com/overview/6758696583?country=US,2026-03-12,"89,000","$13,700",N/A,ORGANIC. Name combines family + circle. Family location sharing app from Chinese publisher.,family location sharing,https://app.sensortower.com/search?entity_type=app&os=unified&device=iphone&device=ipad&device=android&search_by=name&search_by=description&search_by=subtitle&page=1&page_size=25&term=family+location+sharing,5 pages ~125 results — GeoZilla $368K/mo dominates. Established market.,family tracker gps,https://app.sensortower.com/search?entity_type=app&os=unified&device=iphone&device=ipad&device=android&search_by=name&search_by=description&search_by=subtitle&page=1&page_size=25&term=family+tracker+gps,1 page ~8 results — mostly dead small apps,find my family location,https://app.sensortower.com/search?entity_type=app&os=unified&device=iphone&device=ipad&device=android&search_by=name&search_by=description&search_by=subtitle&page=1&page_size=25&term=find+my+family+location,1 page 5 results — all tiny inactive apps,🔴 RED — Family location dominated by Life360 and GeoZilla ($368K/mo). Very competitive. Famircle's $13.7K tiny vs incumbents.,"A live map that shows where your family members are, like Life360 and Find My.",Life360 already dominates this space and has $368K/mo competitors. Very hard to break in.
Glowly AI,US,Lifestyle,https://app.sensortower.com/overview/6755280295?country=US,2026-01-07,"7,000",$108,N/A,ORGANIC. AI skin analysis app with terrible monetization. $108/mo from 7K downloads = $0.01 RPD.,ai skin analysis,https://app.sensortower.com/search?entity_type=app&os=unified&device=iphone&device=ipad&device=android&search_by=name&search_by=description&search_by=subtitle&page=1&page_size=25&term=ai+skin+analysis,6 pages ~150 results — PerfectSkin 85K DLs leads. Crowded AI beauty market.,skin care ai scanner,https://app.sensortower.com/search?entity_type=app&os=unified&device=iphone&device=ipad&device=android&search_by=name&search_by=description&search_by=subtitle&page=1&page_size=25&term=skin+care+ai+scanner,~2 pages — overlapping AI skincare niche,face skin analyzer,https://app.sensortower.com/search?entity_type=app&os=unified&device=iphone&device=ipad&device=android&search_by=name&search_by=description&search_by=subtitle&page=1&page_size=25&term=face+skin+analyzer,~3 pages — generic face analysis market,🔴 RED — Crowded AI beauty/skin market (150+ results). Terrible $108/mo monetization. Many competitors.,AI camera that scans your face and tells you about your skin.,Many apps do this already. This one barely makes any money — just $108/mo.
That Girl: Become a Clean Girl,US,Lifestyle,https://app.sensortower.com/overview/6756178380?country=US,2025-12-15,"40,000","$21,800",N/A,ORGANIC / VIRAL. Riding the 'that girl' TikTok self-care trend. Good $0.51 RPD. Croatian publisher.,daily routine tracker,https://app.sensortower.com/search?entity_type=app&os=unified&device=iphone&device=ipad&device=android&search_by=name&search_by=description&search_by=subtitle&page=1&page_size=25&term=daily+routine+tracker,3 pages ~75 results — Dear Me $31K/mo leads. Moderate competition.,self care routine planner,https://app.sensortower.com/search?entity_type=app&os=unified&device=iphone&device=ipad&device=android&search_by=name&search_by=description&search_by=subtitle&page=1&page_size=25&term=self+care+routine+planner,"1 page ~10 results — all tiny apps, no dominant player",glow up habit tracker,https://app.sensortower.com/search?entity_type=app&os=unified&device=iphone&device=ipad&device=android&search_by=name&search_by=description&search_by=subtitle&page=1&page_size=25&term=glow+up+habit+tracker,1 page 1 result — essentially empty niche,"🟢 GREEN — 'That girl' branding niche very uncrowded despite broader routine market. $21.8K/mo, good RPD. Trend-driven growth.","A daily-routine planner riding the ""that girl"" / clean-girl trend on TikTok.",The trend is real and big. No app has claimed this name space yet.
"Himyo – Your Way, Your Pace",US,Lifestyle,https://app.sensortower.com/overview/6758081518?country=US,2026-01-26,"15,000","$121,300",New,MIXED. Brand name not searchable. Extraordinary $10.05 RPD. Just started running ads ('New'). Vietnamese publisher. Anonymous social app with virtual identities.,anonymous social app,https://app.sensortower.com/search?entity_type=app&os=unified&device=iphone&device=ipad&device=android&search_by=name&search_by=description&search_by=subtitle&page=1&page_size=25&term=anonymous+social+app,2 pages ~50 results — few dedicated anonymous social apps,anonymous chat rooms,https://app.sensortower.com/search?entity_type=app&os=unified&device=iphone&device=ipad&device=android&search_by=name&search_by=description&search_by=subtitle&page=1&page_size=25&term=anonymous+chat+rooms,5 pages ~125 results — moderately crowded anonymous chat space,talk to strangers app,https://app.sensortower.com/search?entity_type=app&os=unified&device=iphone&device=ipad&device=android&search_by=name&search_by=description&search_by=subtitle&page=1&page_size=25&term=talk+to+strangers+app,2 pages ~50 results — small stranger chat niche,🟢 GREEN — Anonymous social has some competition but Himyo's $10.05 RPD is extraordinary. 15K DLs → $121K/mo. Exceptional monetization model.,A social app where you talk to strangers using a fake name and avatar.,"Anonymous chat is sensitive, but Himyo charges a LOT per user — over $10 per download."
Wello - Heart Health Monitor,US,Lifestyle,https://app.sensortower.com/overview/6760641376?country=US,2026-03-27,"18,000","$1,000",N/A,ORGANIC. Heart health/wellness monitoring app. Low $0.07 RPD.,heart health monitor,https://app.sensortower.com/search?entity_type=app&os=unified&device=iphone&device=ipad&device=android&search_by=name&search_by=description&search_by=subtitle&page=1&page_size=25&term=heart+health+monitor,~3 pages — moderate heart monitoring competition,wellness check in app,https://app.sensortower.com/search?entity_type=app&os=unified&device=iphone&device=ipad&device=android&search_by=name&search_by=description&search_by=subtitle&page=1&page_size=25&term=wellness+check+in+app,~1 page — specific wellness check-in angle uncrowded,heart rate wellness,https://app.sensortower.com/search?entity_type=app&os=unified&device=iphone&device=ipad&device=android&search_by=name&search_by=description&search_by=subtitle&page=1&page_size=25&term=heart+rate+wellness,~2 pages — overlaps broader heart rate market,⚠️ YELLOW — Heart health moderately crowded. Wellness check-in angle less so. Very low $1K/mo revenue.,Checks your heart rate and reminds you to do little wellness check-ins.,"Heart trackers are crowded, but daily check-ins is a smaller, less crowded angle."
Buz tv Matches,US,Lifestyle,https://app.sensortower.com/overview/6762491074?country=US,2026-05-01,"10,000",$0,N/A,ORGANIC. TV match schedule/results app. Very new (May 1). Zero revenue. French publisher.,tv show schedule,https://app.sensortower.com/search?entity_type=app&os=unified&device=iphone&device=ipad&device=android&search_by=name&search_by=description&search_by=subtitle&page=1&page_size=25&term=tv+show+schedule,~3 pages — moderate TV schedule competition,live tv matches,https://app.sensortower.com/search?entity_type=app&os=unified&device=iphone&device=ipad&device=android&search_by=name&search_by=description&search_by=subtitle&page=1&page_size=25&term=live+tv+matches,~2 pages — sports TV streaming apps,sports matches live,https://app.sensortower.com/search?entity_type=app&os=unified&device=iphone&device=ipad&device=android&search_by=name&search_by=description&search_by=subtitle&page=1&page_size=25&term=sports+matches+live,~5 pages — crowded sports streaming/scores market,🔴 RED — Sports/TV streaming dominated by massive incumbents. Zero revenue. No differentiation.,A guide app for the Buz TV sports/show schedule.,Sports streaming is owned by giants. This app makes zero dollars and has no spark.
Areum,US,Lifestyle,https://app.sensortower.com/overview/6756916007?country=US,2026-01-21,"25,000","$11,500",Active,MIXED. Brand name not searchable. Active ads confirm paid UA. Subtitle targets organic searches. Top countries US/India/Canada.,attractiveness test,https://app.sensortower.com/search?entity_type=app&os=unified&device=iphone&device=ipad&device=android&search_by=name&search_by=description&search_by=subtitle&page=1&page_size=25&term=attractiveness+test,2 pages ~50 results — mostly broad personality/quiz apps. Few dedicated attractiveness testers.,face analysis app,https://app.sensortower.com/search?entity_type=app&os=unified&device=iphone&device=ipad&device=android&search_by=name&search_by=description&search_by=subtitle&page=1&page_size=25&term=face+analysis+app,"2 pages ~50 results — fragmented market, no dominant player. Beauty Scanner 16K DLs/$30 rev.",how attractive am i,https://app.sensortower.com/search?entity_type=app&os=unified&device=iphone&device=ipad&device=android&search_by=name&search_by=description&search_by=subtitle&page=1&page_size=25&term=how+attractive+am+i,1 page ~25 results — almost all dead apps with $0 rev. Areum leads at 25K DLs/$11.5K.,⚠️  YELLOW — Face attractiveness niche very uncrowded (<125 results). No dominant incumbents. Areum leads the niche. Market size limited but monetization proven ($11.5K/mo).,AI face scanner that rates how attractive you are.,"Sounds silly, but people are curious and pay to see results. The space has few real players."
Infinity Coloring Book: Infini,US,Lifestyle,https://app.sensortower.com/overview/6752579720?country=US,2026-01-14,"34,000","$37,100",Inactive,ORGANIC / ASO. App name contains highly searchable keywords. Inactive ads. Healthy $0.71 RPD. Subtitle packed with keywords. Estonian publisher.,coloring book app,https://app.sensortower.com/search?entity_type=app&os=unified&device=iphone&device=ipad&device=android&search_by=name&search_by=description&search_by=subtitle&page=1&page_size=25&term=coloring+book+app,"152 pages ~3,800 results — massively crowded. Adult Coloring Book by Pixite 197K DLs/$438K rev.",color therapy paint,https://app.sensortower.com/search?entity_type=app&os=unified&device=iphone&device=ipad&device=android&search_by=name&search_by=description&search_by=subtitle&page=1&page_size=25&term=color+therapy+paint,1 page ~25 results — narrow keyword. Same top competitors (Pixite #1).,adult coloring book,https://app.sensortower.com/search?entity_type=app&os=unified&device=iphone&device=ipad&device=android&search_by=name&search_by=description&search_by=subtitle&page=1&page_size=25&term=adult+coloring+book,"62 pages ~1,550 results — very crowded. Color Pop AI 1M+ DLs/$1.39M rev dominates. Pixite $438K. Tap Color Pro $107K.","🔴  RED — Very crowded coloring book market (3,800+ results). Dominated by massive incumbents ($1M+/mo). Infinite zoom feature interesting but doesn't create new market.","Coloring book app for adults with relaxing pictures and an ""infinity zoom"" trick.","3,800+ coloring apps already exist. Top apps make over $1M/mo. Tough to compete."
Dot: Digital Business Card,US,Business        ,https://app.sensortower.com/overview/6747437276?country=US ,2026-02-25,"11,000","$18,100",N/A,"ORGANIC. ""Digital Business Card"" in name = searchable keyword. No visible ad network. NFC physical card sales drive app installs. $1.43 RPD. US-only organic. Dot Cards is hardware+software — physical NFC cards paired with companion app.        ",digital business card      ,https://app.sensortower.com/search?entity_type=app&os=unified&device=iphone&device=ipad&device=android&search_by=name&search_by=description&search_by=subtitle&page=1&page_size=25&term=digital+business+card ,"108 pages ~2,700 results — Blinq $407K/mo dominates. HiHello $48.6K/mo. HeyDrop $29.9K/mo. Most results are QR/scanner apps mentioning ""business card"" in description.        ",nfc business card        ,https://app.sensortower.com/search?entity_type=app&os=unified&device=iphone&device=ipad&device=android&search_by=name&search_by=description&search_by=subtitle&page=1&page_size=25&term=nfc+business+card ,3 pages ~75 results — all dead apps with 0 downloads. NFC-specific niche completely empty.        ,contact sharing app       ,https://app.sensortower.com/search?entity_type=app&os=unified&device=iphone&device=ipad&device=android&search_by=name&search_by=description&search_by=subtitle&page=1&page_size=25&term=contact+sharing+app        ,2 pages ~50 results — all dead apps. Contact sharing angle barely exists.,"⚠️ YELLOW — Broader ""digital business card"" market has incumbents (Blinq $407K/mo, HiHello $48.6K/mo) but NFC-specific angle completely uncrowded (75 results, all dead). $18.1K/mo with $1.43 RPD proves willingness to pay. Requires physical NFC card business to replicate Dot's full model.",A digital business card on your phone you can share with one tap (paired with a physical NFC card).,"Real business need, but you have to also sell the actual NFC card to make it work."
Funovel - Reading Good Books,US,Books,https://app.sensortower.com/overview/6755107081?country=US,2025-12-28,"13,000","$69,500",New,ORGANIC/ASO + NEW PAID. Keyword-rich subtitle. Chinese publisher. $5.12 RPD.,romance novels,https://app.sensortower.com/search?entity_type=app&os=unified&device=iphone&device=ipad&device=android&search_by=name&search_by=description&search_by=subtitle&page=1&page_size=25&term=romance+novels,58p ~1450 results - GoodNovel $8.7M Buenovela $885K,web novel reader,https://app.sensortower.com/search?entity_type=app&os=unified&device=iphone&device=ipad&device=android&search_by=name&search_by=description&search_by=subtitle&page=1&page_size=25&term=web+novel+reader,1p ~10 results - MoboReader $555K,novel reading,https://app.sensortower.com/search?entity_type=app&os=unified&device=iphone&device=ipad&device=android&search_by=name&search_by=description&search_by=subtitle&page=1&page_size=25&term=novel+reading,48p ~1200 results - Pocket FM $8.8M TapRead $288K,🔴 RED - Romance/web novel extremely crowded 1450+ results. GoodNovel $8.7M Pocket FM $8.8M.,Reads spicy romance and werewolf-romance ebooks with daily new chapters.,"Romance ebooks are HUGE, but giants like GoodNovel ($8.7M/mo) own the market."
RedChapters,US,Books,https://app.sensortower.com/overview/6763258930?country=US,2026-05-01,"4,000","$11,700",New,MIXED. Werewolf Romance subtitle. UAE publisher. $2.86 RPD.,werewolf romance,https://app.sensortower.com/search?entity_type=app&os=unified&device=iphone&device=ipad&device=android&search_by=name&search_by=description&search_by=subtitle&page=1&page_size=25&term=werewolf+romance,6p ~150 results - GoodNovel $8.7M AnyStories $1.47M,romance novels,https://app.sensortower.com/search?entity_type=app&os=unified&device=iphone&device=ipad&device=android&search_by=name&search_by=description&search_by=subtitle&page=1&page_size=25&term=romance+novels,58p ~1450 results - GoodNovel $8.7M,web novel reader,https://app.sensortower.com/search?entity_type=app&os=unified&device=iphone&device=ipad&device=android&search_by=name&search_by=description&search_by=subtitle&page=1&page_size=25&term=web+novel+reader,1p ~10 results - MoboReader $555K,🔴 RED - Romance/web novel extremely crowded. Werewolf sub-niche 150+ results.,Same as Funovel — werewolf romance ebook reader app.,"Werewolf romance is hot, but the small fish here is making only $11K/mo against giants."
CrushNovels,US,Books,https://app.sensortower.com/overview/6759941820?country=US,2026-02-24,"4,000","$9,000",Inactive,ORGANIC/ASO. Vietnamese publisher. $1.58 RPD.,romance novels,https://app.sensortower.com/search?entity_type=app&os=unified&device=iphone&device=ipad&device=android&search_by=name&search_by=description&search_by=subtitle&page=1&page_size=25&term=romance+novels,58p ~1450 results - GoodNovel $8.7M,novel reading,https://app.sensortower.com/search?entity_type=app&os=unified&device=iphone&device=ipad&device=android&search_by=name&search_by=description&search_by=subtitle&page=1&page_size=25&term=novel+reading,48p ~1200 results - Pocket FM $8.8M,web novel reader,https://app.sensortower.com/search?entity_type=app&os=unified&device=iphone&device=ipad&device=android&search_by=name&search_by=description&search_by=subtitle&page=1&page_size=25&term=web+novel+reader,1p ~10 results - MoboReader $555K,🔴 RED - Romance/web novel extremely crowded. $9K/mo in sea of $1M+ incumbents.,Free romance novels with new chapters every day.,Bigger romance apps make millions. This one is too small to compete.
Staread,US,Books,https://app.sensortower.com/overview/6758330296?country=US,2026-03-23,"7,000","$17,200",N/A,Likely ORGANIC/ASO. Both iOS+Android. $2.15 RPD.,novel reading,https://app.sensortower.com/search?entity_type=app&os=unified&device=iphone&device=ipad&device=android&search_by=name&search_by=description&search_by=subtitle&page=1&page_size=25&term=novel+reading,48p ~1200 results - Pocket FM $8.8M,romance novels,https://app.sensortower.com/search?entity_type=app&os=unified&device=iphone&device=ipad&device=android&search_by=name&search_by=description&search_by=subtitle&page=1&page_size=25&term=romance+novels,58p ~1450 results - GoodNovel $8.7M,web novel reader,https://app.sensortower.com/search?entity_type=app&os=unified&device=iphone&device=ipad&device=android&search_by=name&search_by=description&search_by=subtitle&page=1&page_size=25&term=web+novel+reader,1p ~10 results - MoboReader $555K,🔴 RED - Romance/web novel extremely crowded. $17.2K/mo tiny vs $8.7M incumbents.,"Reads short web novels and stories on your phone, like TikTok for books.",Same crowded romance/web-novel space dominated by huge incumbents.
JoyNovel - Stories and Novels,US,Books,https://app.sensortower.com/overview/6756647273?country=US,2026-02-25,"1,000","$1,000",N/A,ORGANIC. Hinovel group publisher. $0.87 RPD.,novel reading,https://app.sensortower.com/search?entity_type=app&os=unified&device=iphone&device=ipad&device=android&search_by=name&search_by=description&search_by=subtitle&page=1&page_size=25&term=novel+reading,48p ~1200 results - Pocket FM $8.8M,romance novels,https://app.sensortower.com/search?entity_type=app&os=unified&device=iphone&device=ipad&device=android&search_by=name&search_by=description&search_by=subtitle&page=1&page_size=25&term=romance+novels,58p ~1450 results - GoodNovel $8.7M,web novel reader,https://app.sensortower.com/search?entity_type=app&os=unified&device=iphone&device=ipad&device=android&search_by=name&search_by=description&search_by=subtitle&page=1&page_size=25&term=web+novel+reader,1p ~10 results - MoboReader $555K,🔴 RED - Romance/web novel crowded. $1K/mo from major publisher = market rejection.,Another free romance ebooks reader app.,"Even backed by a big publisher, only $1K/mo. Market is just too packed."
Fanworks: AO3 Unofficial,US,Books,https://app.sensortower.com/overview/6761056313?country=US,2026-03-27,"6,000","$2,000",N/A,ORGANIC. AO3 = search keyword. $0.09 RPD.,fanfiction reader,https://app.sensortower.com/search?entity_type=app&os=unified&device=iphone&device=ipad&device=android&search_by=name&search_by=description&search_by=subtitle&page=1&page_size=25&term=fanfiction+reader,2p ~50 results - FanFiction|AO3 22K/$1.6K,ao3 reader,https://app.sensortower.com/search?entity_type=app&os=unified&device=iphone&device=ipad&device=android&search_by=name&search_by=description&search_by=subtitle&page=1&page_size=25&term=ao3+reader,1p ~10 results - AO3 FanFic Reader 34K/$2.4K,novel reading,https://app.sensortower.com/search?entity_type=app&os=unified&device=iphone&device=ipad&device=android&search_by=name&search_by=description&search_by=subtitle&page=1&page_size=25&term=novel+reading,48p ~1200 results - broader market,⚠️ YELLOW - Fanfiction/AO3 niche small ~60 results but dedicated. Low RPD $0.09.,Lets you read AO3 fanfiction (Archive of Our Own stories) right on your phone.,"Fanfiction fans are loyal, but they don't like paying. Low money even though niche is loved."
"IQ Boost: Brain Trainer, Games",US,Education,https://app.sensortower.com/overview/6755378185?country=US,2026-01-09,"43,000","$108,800",Active,MIXED. Active ads + keyword-rich ASO name targeting brain training searches. $2.02 RPD decent monetization alongside paid UA.,brain training games,https://app.sensortower.com/search?entity_type=app&os=unified&device=iphone&device=ipad&device=android&search_by=name&search_by=description&search_by=subtitle&page=1&page_size=25&term=brain+training+games,"71 pages ~1,775 results — Impulse $1.49M, Elevate $1.11M, IQ Masters $707K",iq test brain games,https://app.sensortower.com/search?entity_type=app&os=unified&device=iphone&device=ipad&device=android&search_by=name&search_by=description&search_by=subtitle&page=1&page_size=25&term=iq+test+brain+games,1 page — only IQ Boost active. Too narrow.,brain puzzle games,https://app.sensortower.com/search?entity_type=app&os=unified&device=iphone&device=ipad&device=android&search_by=name&search_by=description&search_by=subtitle&page=1&page_size=25&term=brain+puzzle+games,"23 pages ~575 results — Brain Puzzle 4.28M DL, Sudoku 1.45M DL","🔴 RED — Brain training extremely crowded. 71p KW1, 23p KW3. Dominated by $1M+/mo incumbents (Impulse, Elevate, Lumosity).",Brain training puzzles with an IQ-test theme to make you smarter.,Brain training is crowded. Lumosity and Elevate ($1M+ each) own this space.
Coursiv - AI Certificates,US,Education,https://app.sensortower.com/overview/6758934906?country=US,2026-03-04,"72,000","$64,700",New,MIXED. Brand name not searchable but description targets AI certificate keywords. 72K DLs with New ads suggests some paid element. $0.74 RPD low for education.,certificate courses,https://app.sensortower.com/search?entity_type=app&os=unified&device=iphone&device=ipad&device=android&search_by=name&search_by=description&search_by=subtitle&page=1&page_size=25&term=certificate+courses,8 pages ~200 results — Alison 232K DL/$93K dominates. Simplilearn 50K DL.,ai courses,https://app.sensortower.com/search?entity_type=app&os=unified&device=iphone&device=ipad&device=android&search_by=name&search_by=description&search_by=subtitle&page=1&page_size=25&term=ai+courses,3 pages ~75 results — DataCamp 32K/$55.9K leads. AI CERTs 27.6K/$0. Niche focused.,online learning app,https://app.sensortower.com/search?entity_type=app&os=unified&device=iphone&device=ipad&device=android&search_by=name&search_by=description&search_by=subtitle&page=1&page_size=25&term=online+learning+app,"43 pages ~1,075 results — Alison 232K/$93K, Oda Class 112K. Broad market massive but AI cert angle differentiates.",⚠️ YELLOW — Narrow ai courses niche (~75 results) has room. $64.7K/mo validates demand. DataCamp only major competitor.,Online courses where you earn an AI certificate to put on LinkedIn.,People want AI skills to get jobs. Only DataCamp is a real competitor.
Dilemmo: Make Better Decisions,US,Education,https://app.sensortower.com/overview/6758148536?country=US,2026-02-08,"46,000","$4,000",New,PAID UA. Brand name not searchable. $0.07 RPD extremely low — buying cheap installs that don't convert. 46K DLs/$4K rev = purchased traffic.,personality test,https://app.sensortower.com/search?entity_type=app&os=unified&device=iphone&device=ipad&device=android&search_by=name&search_by=description&search_by=subtitle&page=1&page_size=25&term=personality+test,"75 pages ~1,875 results — Duet Dating $493.6K, Clever $302K, HalaMe $81.8K. Extremely crowded.",would you rather game,https://app.sensortower.com/search?entity_type=app&os=unified&device=iphone&device=ipad&device=android&search_by=name&search_by=description&search_by=subtitle&page=1&page_size=25&term=would+you+rather+game,6 pages ~150 results — Rather Dirty $2.3K. Nobody making real money.,decision making app,https://app.sensortower.com/search?entity_type=app&os=unified&device=iphone&device=ipad&device=android&search_by=name&search_by=description&search_by=subtitle&page=1&page_size=25&term=decision+making+app,10 pages ~250 results — dead category. All apps near 0 DL and $0 revenue.,"🔴 RED — personality test massively crowded (1,875 results, $493K incumbents). Narrower niches no revenue. $0.07 RPD terrible.",Helps you stop overthinking by giving you a quick yes/no on hard choices.,"Cute idea, but the personality-test market is packed. Buying installs that don't pay back."
Runout Poker Trainer GTO Coach,US,Education,https://app.sensortower.com/overview/6760210288?country=US,2026-03-23,"24,000","$57,900",New,"ORGANIC. App name packed with search keywords (poker trainer, GTO, coach). New ads = just starting paid. $2.35 RPD quality organic users. US/UK/Canada spread.",poker trainer,https://app.sensortower.com/search?entity_type=app&os=unified&device=iphone&device=ipad&device=android&search_by=name&search_by=description&search_by=subtitle&page=1&page_size=25&term=poker+trainer,7 pages ~175 results — Runout leads 23.4K/$54.9K. Many tangential Video Poker games. Training niche smaller.,gto poker,https://app.sensortower.com/search?entity_type=app&os=unified&device=iphone&device=ipad&device=android&search_by=name&search_by=description&search_by=subtitle&page=1&page_size=25&term=gto+poker,"2 pages ~50 results — Very niche. Runout dominates. NTPoker 1.9K/$9.4K, GTO Preflop 1.4K/$848.",texas holdem strategy,https://app.sensortower.com/search?entity_type=app&os=unified&device=iphone&device=ipad&device=android&search_by=name&search_by=description&search_by=subtitle&page=1&page_size=25&term=texas+holdem+strategy,2 pages ~50 results — Mostly poker games. Runout highest-revenue dedicated training app at $54.9K.,🟢 GREEN — Poker TRAINING niche genuinely small (<20 dedicated apps). No $1M+/mo incumbent. Runout leader at $57.9K/mo in <2 months. $2.35 RPD validates.,"Teaches you poker like a coach would, with GTO strategy lessons.",Poker training online is a real but quiet niche. No giant owns it. Room to grow.
Moshi: SSH & MOSH Terminal,US,Developer Tools,https://app.sensortower.com/overview/6757859949?country=US,2026-01-21,"11,000","$43,100",Active,"MIXED. Subtitle 'for Claude Code, Codex & more' = keyword-stuffed for AI coding tools. Ads Network Active. Publisher from Japan. 573 ratings + high RPD ($1.80) = strong organic conversion boosted by paid UA.",ssh terminal,https://app.sensortower.com/search?entity_type=app&os=unified&device=iphone&device=ipad&device=android&search_by=name&search_by=description&search_by=subtitle&page=1&page_size=25&term=ssh+terminal,"9 pages ~225 results — Very crowded legacy market. Textastic (27.9K DLs, $41K), xTerminal (17.6K, $7.5K), ServerCat (6K, $7.2K), Shelly (5.6K, $4.2K).",mosh ssh client,https://app.sensortower.com/search?entity_type=app&os=unified&device=iphone&device=ipad&device=android&search_by=name&search_by=description&search_by=subtitle&page=1&page_size=25&term=mosh+ssh+client,"1 page 1 result — La Terminal: Mosh & SSH (2.5K DLs, $1.7K). Very niche MOSH protocol space.",terminal for claude code,https://app.sensortower.com/search?entity_type=app&os=unified&device=iphone&device=ipad&device=android&search_by=name&search_by=description&search_by=subtitle&page=1&page_size=25&term=terminal+for+claude+code,"1 page 1 result — Arcway: Remote Agents (0 DLs, $0). Emerging niche with no established players.","⚠️ YELLOW — SSH terminal market extremely crowded (225+ apps) but Moshi differentiates by targeting AI coding agents (Claude Code, Codex, Cursor). That's a genuinely different use case. $43K rev with active ads validates demand in this new sub-niche.","A terminal app for iPad that lets coders use Claude Code, Codex, and Cursor remotely.",AI coding agents are blowing up. Most SSH apps are old — Moshi targets a fresh audience.
Pydroid 3,US,Developer Tools,https://app.sensortower.com/overview/6758005480?country=US,2026-01-27,"20,000","$2,000",Inactive,ORGANIC. Name 'Pydroid 3' leverages famous Android brand. Subtitle 'Pythonista Compiler Coding App' keyword-stuffed. No ads. RPD $0.06 = terrible monetization. Publisher 'TERMUX LIMITED LIABILITY COMPANY' appears to clone the Pydroid brand.,python code editor,https://app.sensortower.com/search?entity_type=app&os=unified&device=iphone&device=ipad&device=android&search_by=name&search_by=description&search_by=subtitle&page=1&page_size=25&term=python+code+editor,"1 page ~15 results — Python Coding (77K DLs, $8.9K) dominates. Python3ide (6.5K, $2.2K). Pydroid 3 itself at 19.7K DLs.",python compiler,https://app.sensortower.com/search?entity_type=app&os=unified&device=iphone&device=ipad&device=android&search_by=name&search_by=description&search_by=subtitle&page=1&page_size=25&term=python+compiler,"4 pages ~100 results — Python3ide (6.5K, $2.2K), Python Coding IDE (3.4K), Learn Python (3.6K, $760). Many dead apps.",python programming app,https://app.sensortower.com/search?entity_type=app&os=unified&device=iphone&device=ipad&device=android&search_by=name&search_by=description&search_by=subtitle&page=1&page_size=25&term=python+programming+app,2 pages ~50 results — Mostly dead apps with 0 downloads. Only Learn Python Coding (1.7K DLs) has any traction.,"🔴 RED — Python mobile IDE market mature, dominated by Python Coding (77K DLs). Pydroid 3 has very low monetization ($2K/mo, RPD $0.06). Publisher appears to clone the Android Pydroid brand. Not a viable opportunity.",Lets you write and run Python code right on your iPhone or iPad.,Mobile Python coding is mature — bigger apps already own it. Almost no revenue.
VibeShort: AI Comic Dramas,US,Entertainment,https://app.sensortower.com/overview/6758667154?country=US,2026-02-07,"3,000,000","$2,700,000",New,MIXED. Brand name not searchable but 'AI Comic Dramas' subtitle targets differentiating niche. New ads = just starting paid. $2.7M/mo in 3 months suggests strong organic/viral growth. $0.87 RPD solid.,ai comic dramas,https://app.sensortower.com/search?entity_type=app&os=unified&device=iphone&device=ipad&device=android&search_by=name&search_by=description&search_by=subtitle&page=1&page_size=25&term=ai+comic+dramas,"1 page, 3 results. VibeShort dominates at $2.5M. MoboDrama 26 DLs/$2.7K. EpNova 0 DLs/$0.",short drama app,https://app.sensortower.com/search?entity_type=app&os=unified&device=iphone&device=ipad&device=android&search_by=name&search_by=description&search_by=subtitle&page=1&page_size=25&term=short+drama+app,"5 pages ~125 results. Story TV 11M DLs/$73.6K, PineDrama (ByteDance) 17.9M DLs/$0, RaptDrama $318K.",watch short dramas,https://app.sensortower.com/search?entity_type=app&os=unified&device=iphone&device=ipad&device=android&search_by=name&search_by=description&search_by=subtitle&page=1&page_size=25&term=watch+short+dramas,"4 pages ~100 results. StardustTV $2.8M, Playlet $1.18M, HotMiniDrama 11M DLs/$0.","🔴 RED — AI comic niche seems uncrowded (3 results) but fake niche — same short drama users. Broader market 100-125+ apps with $1M+/mo incumbents (StardustTV $2.8M, Playlet $1.18M). Not indie-clonable.","Watches short, AI-made comic-book-style drama videos like TikTok stories.","Short drama is a $2M+/mo space, but giants like StardustTV and Playlet dominate it."
Maya Mobile: Travel eSIM,US,Travel,https://app.sensortower.com/overview/6760292613?country=US,2026-03-23,"10,000",$0,Active,PAID UA in saturated travel eSIM space. Free app no IAP visible — likely revenue from data plan purchases off-app. 10K DL / $0 in-app rev = chasing brand recognition vs Saily/Ubigi/Nomad.,travel esim,https://app.sensortower.com/search?entity_type=app&os=unified&device=iphone&device=ipad&device=android&search_by=name&search_by=description&search_by=subtitle&page=1&page_size=25&term=travel+esim,"14 pages ~350 results — Saily 653K DL, Ubigi 196K, Maslek 152K, Nomad-style giants",international esim,https://app.sensortower.com/search?entity_type=app&os=unified&device=iphone&device=ipad&device=android&search_by=name&search_by=description&search_by=subtitle&page=1&page_size=25&term=international+esim,"4 pages ~100 results — Saily 653K, Nomad 266K, Hoi 225K, MobiMatter 149K",esim data plan,https://app.sensortower.com/search?entity_type=app&os=unified&device=iphone&device=ipad&device=android&search_by=name&search_by=description&search_by=subtitle&page=1&page_size=25&term=esim+data+plan,"4 pages ~100 results — Numero $215K/mo rev, Second Phone $90K/mo, Saily 653K DL","🔴 RED — Saturated travel eSIM space. 350+ competitors. NordVPN-backed Saily, Ubigi, Nomad, Maslek dominate. Burning UA against giants.",A travel eSIM app so your phone gets data when you travel abroad.,"Saily, Ubigi, and Nomad already crush this market. 350+ competing apps."
FlightDeck - Flight Tracker,US,Travel,https://app.sensortower.com/overview/6759628645?country=US,2026-03-01,"4,000","$17,100",Active,PAID UA. Free + Subscription. $4.38 RPD. Active ads. Same RED verdict as Sky Radar (existing DB) — flight tracker space dominated by Flightradar24/Flighty incumbents. Buying chart position.,live flight tracker,https://app.sensortower.com/search?entity_type=app&os=unified&device=iphone&device=ipad&device=android&search_by=name&search_by=description&search_by=subtitle&page=1&page_size=25&term=live+flight+tracker,"8 pages ~200 results — Flightradar24 1.7M DL/$2.5M, Flighty $1.2M, Planes Live $342K, FlightSky $82K",flight tracker app,https://app.sensortower.com/search?entity_type=app&os=unified&device=iphone&device=ipad&device=android&search_by=name&search_by=description&search_by=subtitle&page=1&page_size=25&term=flight+tracker+app,"6 pages ~150 results — Flightradar24 $2.5M, Planes Live $342K, Flight Tracker+ $265K, AirNav $30K",flight radar live,https://app.sensortower.com/search?entity_type=app&os=unified&device=iphone&device=ipad&device=android&search_by=name&search_by=description&search_by=subtitle&page=1&page_size=25&term=flight+radar+live,"1 page 25 results — Plane Finder $130K, Flight Tracker+ $265K","🔴 RED — Flight tracker dominated by Flightradar24 ($2.5M/mo), Flighty ($1.2M/mo). 200+ apps. Same verdict as Sky Radar in existing DB.",Tracks airplanes flying live on a map.,Flightradar24 and Flighty already dominate at over $1M/mo each.
Plotline: Travel Map & Planner,US,Travel,https://app.sensortower.com/overview/6759443026?country=US,2026-03-17,"8,000","$2,000",Active,PAID UA + low conversion. $0.27 RPD = users not converting. Subscription model. Active ads in saturated travel planner space dominated by Wanderlog/TripIt + AI assistants cannibalizing manual planning.,travel planner app,https://app.sensortower.com/search?entity_type=app&os=unified&device=iphone&device=ipad&device=android&search_by=name&search_by=description&search_by=subtitle&page=1&page_size=25&term=travel+planner+app,"5 pages ~125 results — Wanderlog 349K DL/$567K, TripIt 78K DL/$187K, SmartGuide $17K",trip planner map,https://app.sensortower.com/search?entity_type=app&os=unified&device=iphone&device=ipad&device=android&search_by=name&search_by=description&search_by=subtitle&page=1&page_size=25&term=trip+planner+map,"2 pages ~50 results — mostly dead. Tripomatic $9K, TripShot 14K DL/$0",travel itinerary,https://app.sensortower.com/search?entity_type=app&os=unified&device=iphone&device=ipad&device=android&search_by=name&search_by=description&search_by=subtitle&page=1&page_size=25&term=travel+itinerary,66 pages ~1650 results — ChatGPT/TripIt/Hostelworld/Priceline. AI-cannibalized space,"🔴 RED — Travel planning saturated. Wanderlog ($567K/mo), TripIt ($187K/mo) dominate. AI assistants eat manual planning. $0.27 RPD on Active UA = burning money.",A pretty trip planner with maps for vacations.,"Wanderlog and TripIt already own this. Plus, ChatGPT now plans trips for free."
Rugiet: Men's health,US,Medical,https://app.sensortower.com/overview/6760044352?country=US,2026-04-21,"9,000",$0,Inactive (not extracted),OFF-APP MONETIZATION. Brand telehealth like Hims/Roman/Keeps. $0 in-app rev = revenue from prescription sales off-app. Requires medical licensing + business backing — not clonable as standalone app.,telehealth,https://app.sensortower.com/search?entity_type=app&os=unified&device=iphone&device=ipad&device=android&search_by=name&search_by=description&search_by=subtitle&page=1&page_size=25&term=telehealth,"126 pages ~3150 results — Hims 100K DL, Teladoc 168K, GoodRx 282K, LifeMD 50K, healow 381K, Zocdoc 125K",(KW2 skipped — verdict overwhelmingly clear),,,(KW3 skipped — verdict overwhelmingly clear),,,🔴 RED — Telehealth saturated. Brand Rx model unclonable without medical infra. Same playbook as Hims/Roman.,A men's health telehealth app for things like ED meds — same idea as Hims.,Selling actual prescriptions takes a real medical company. Not something one person can clone.
Wisp: Online Healthcare,US,Medical,https://app.sensortower.com/overview/6755340669?country=US,2026-04-06,"4,000",$0,Inactive (not extracted),OFF-APP MONETIZATION. UTI/STD telehealth brand. $0 in-app rev = revenue from prescription sales off-app. Same brand-Rx pattern as Hims/Roman/Rugiet. Requires medical licensing.,telehealth,https://app.sensortower.com/search?entity_type=app&os=unified&device=iphone&device=ipad&device=android&search_by=name&search_by=description&search_by=subtitle&page=1&page_size=25&term=telehealth,126 pages ~3150 results — same as Rugiet KW1. Hims/Teladoc/GoodRx/LifeMD/healow dominate,(skipped — same brand-telehealth pattern as Rugiet),,,(skipped — verdict clear),,,🔴 RED — Brand-Rx telehealth model unclonable without medical infra. Same playbook as Hims/Roman.,"Telehealth for UTI/STD medicine, like Hims for women.",Same problem as Rugiet — you need pharmacy partners and licensing.
Dutch Pet - Online vet 24/7,US,Medical,https://app.sensortower.com/overview/6745529739?country=US,2026-03-10,"4,000",$0,(not extracted),OFF-APP MONETIZATION. Brand telehealth-for-pets (Dutch). $0 in-app rev = revenue from vet visits/Rx off-app. Pet equivalent of Hims model.,online vet,https://app.sensortower.com/search?entity_type=app&os=unified&device=iphone&device=ipad&device=android&search_by=name&search_by=description&search_by=subtitle&page=1&page_size=25&term=online+vet,"9 pages ~225 results — Vetster 4.7K, Supertails 63K, TrustedHousesitters 37K. ALL near-$0 in-app rev (off-app vet visit monetization). PetWiseCare $4.4K only outlier",(skipped — same off-app pattern as Wisp/Rugiet),,,(skipped — verdict clear),,,🔴 RED — Brand telehealth-for-pets. Off-app vet visit monetization. Requires veterinary infra — not clonable.,Vet visits and prescriptions for your dog or cat over the phone.,Need real vets and supply chain. Not a clone-able indie app.
Anna : Sign Language (LSF),US,Education,https://app.sensortower.com/overview/6758141347?country=US,2026-02-12,"63,000","$5,000",(not extracted),ORGANIC/ASO. Solo dev. French Sign Language (LSF) niche. 63K DLs from France/US/Canada. $0.09 RPD = poor monetization needs work but proves market.,sign language learning,https://app.sensortower.com/search?entity_type=app&os=unified&device=iphone&device=ipad&device=android&search_by=name&search_by=description&search_by=subtitle&page=1&page_size=25&term=sign+language+learning,3 pages ~75 results — Lingvano dominates 128K DL/$576K/mo broader market,french sign language,https://app.sensortower.com/search?entity_type=app&os=unified&device=iphone&device=ipad&device=android&search_by=name&search_by=description&search_by=subtitle&page=1&page_size=25&term=french+sign+language,1 page ~20 results — ALL dead w/ 0 DL/$0 rev. Anna essentially only active FSL app,langue des signes,https://app.sensortower.com/search?entity_type=app&os=unified&device=iphone&device=ipad&device=android&search_by=name&search_by=description&search_by=subtitle&page=1&page_size=25&term=langue+des+signes,6 pages ~150 results — Pause LSF $10.7K leads. Anna #2 at $5K. LSF niche has 2-3 real players,⚠️ YELLOW — French Sign Language geographic niche genuinely uncrowded. Pause LSF + Anna are only real players. Broader sign language space dominated by Lingvano ($576K/mo) but LSF angle differentiated. Geographic moat. Poor RPD = monetization upside.,Teaches French Sign Language (LSF) lessons step by step.,French Sign Language has barely any apps. Tiny but loyal audience.
Lingua - AI Learn English,US,Education,https://app.sensortower.com/overview/6762179191?country=US,2026-04-16,"18,000",$0,New,PAID UA starting (New ads). Vietnamese pub targeting India/Pakistan. $0 in-app rev = burning UA in saturated AI English space.,learn english ai,https://app.sensortower.com/search?entity_type=app&os=unified&device=iphone&device=ipad&device=android&search_by=name&search_by=description&search_by=subtitle&page=1&page_size=25&term=learn+english+ai,1 page ~14 results — SPEAKEY $5.6K leads narrow keyword,english speaking practice,https://app.sensortower.com/search?entity_type=app&os=unified&device=iphone&device=ipad&device=android&search_by=name&search_by=description&search_by=subtitle&page=1&page_size=25&term=english+speaking+practice,"23 pages ~575 results — Stimuler AI 997K DL/$285K/mo, Speak $3.5M, ELSA $735K. Saturated",(skipped),,,"🔴 RED — AI English learning saturated. Stimuler $285K/mo, Speak $3.5M dominate. Lingua $0 rev = no path to compete.",Teaches you English with AI conversations.,English-learning is the most crowded space ever. Duolingo and Speak crush everything.
GetMyPermit - DMV Permit Test,US,Education,https://app.sensortower.com/overview/6754830799?country=US,2026-02-05,"11,000",$0,(not extracted),ORGANIC. Free + IAP/Subs but $0 rev = monetization not converting. Crowded DMV market dominated by big incumbents.,dmv permit test,https://app.sensortower.com/search?entity_type=app&os=unified&device=iphone&device=ipad&device=android&search_by=name&search_by=description&search_by=subtitle&page=1&page_size=25&term=dmv+permit+test,"43 pages ~1075 results — Zutobi 145K DL/$488K/mo, DMV Permit Practice $230K/mo dominate",(skipped — verdict clear w/ $488K incumbent),,,(skipped),,,🔴 RED — DMV market hugely monetized but saturated. Zutobi at $488K/mo + DMV Permit Practice at $230K/mo dominate. GetMyPermit at 11K DL/$0 = no competitive path.,Practice tests for the DMV driver's permit test in the US.,Zutobi and DMV Permit Practice already own this. New apps make zero dollars.
Pinu – Language Learning,US,Education,https://app.sensortower.com/overview/6758291757?country=US,2026-03-11,"10,000",$0,(not extracted),ORGANIC. Generic brand name. Free no IAP. Trying to enter THE most saturated mobile category.,language learning app,https://app.sensortower.com/search?entity_type=app&os=unified&device=iphone&device=ipad&device=android&search_by=name&search_by=description&search_by=subtitle&page=1&page_size=25&term=language+learning+app,"136 pages ~3400 results — Duolingo 16.6M DL/$48M/mo, Speak $3.5M, Learna $6M, Mondly $850K",(skipped — Duolingo alone $48M/mo),,,(skipped),,,🔴 RED — Language learning is THE most saturated mobile category. Duolingo dominates $48M/mo. Multiple $1M+/mo incumbents. Pinu $0 rev = zero path.,Generic language-learning app trying to be the next Duolingo.,Duolingo makes $48M/mo. Brand-new app can't take even 0.01% of that.
Daily Hanzi,US,Education,https://app.sensortower.com/overview/6756919959?country=US,2026-02-02,"16,000","$10,800",(not extracted),ORGANIC/ASO. Solo dev (Alex Liu/ZELOS). $1.15 RPD healthy. Targets SE Asian audience (Indonesia/Philippines/Vietnam) learning Mandarin — geographic niche separate from Western HelloChinese audience.,learn chinese characters,https://app.sensortower.com/search?entity_type=app&os=unified&device=iphone&device=ipad&device=android&search_by=name&search_by=description&search_by=subtitle&page=1&page_size=25&term=learn+chinese+characters,"14 pages ~350 results — HelloChinese 229K DL/$340K, SuperChinese 279K/$288K dominate Western audience",belajar mandarin,https://app.sensortower.com/search?entity_type=app&os=unified&device=iphone&device=ipad&device=android&search_by=name&search_by=description&search_by=subtitle&page=1&page_size=25&term=belajar+mandarin,1 page ~17 results — Indonesian niche. AI Chinese 18K DL/$304 only meaningful. Daily Hanzi at $10K beats SE Asian competitors,hanzi chinese,https://app.sensortower.com/search?entity_type=app&os=unified&device=iphone&device=ipad&device=android&search_by=name&search_by=description&search_by=subtitle&page=1&page_size=25&term=hanzi+chinese,"2 pages ~50 results — Hanping $1.2K, Tobo $325, GoHanzi $70. Hanzi-specific niche has Daily Hanzi as #1",⚠️ YELLOW — Real geographic niche. Daily Hanzi targets SE Asian Mandarin learners (different audience from HelloChinese Western users). $10.8K/mo proves SE Asian niche monetizes. Hanzi-specific ASO leader. Healthy $1.15 RPD.,"Teaches Chinese characters (Hanzi) to people who speak Indonesian, Filipino, or Vietnamese.","English Chinese apps are crowded, but Southeast Asian Mandarin learning is wide open."
Localize - Farmers Market,US,Food & Drink,https://app.sensortower.com/overview/6756440767?country=US,2025-12-29,"170,000","$153,300",Active,ORGANIC + PAID UA. Solid $1.04 RPD. Active ads expanding leadership. Trending consumer interest in local/farm-to-table. App IQ tag: Agriculture.,farmers market,https://app.sensortower.com/search?entity_type=app&os=unified&device=iphone&device=ipad&device=android&search_by=name&search_by=description&search_by=subtitle&page=1&page_size=25&term=farmers+market,"59 pages ~1475 noisy results (DoorDash, Sprouts, games). Real direct competitors: Localize $153K leads. Root #2 at $17K. No 3rd real player",local food finder,https://app.sensortower.com/search?entity_type=app&os=unified&device=iphone&device=ipad&device=android&search_by=name&search_by=description&search_by=subtitle&page=1&page_size=25&term=local+food+finder,1 page 4 results — ALL dead w/ 0 DLs,organic local produce,https://app.sensortower.com/search?entity_type=app&os=unified&device=iphone&device=ipad&device=android&search_by=name&search_by=description&search_by=subtitle&page=1&page_size=25&term=organic+local+produce,1 page 7 results — ALL dead w/ 0 DLs/$0,"🟢 GREEN — Localize dominates farmers market locator niche at $153K/mo. Only Root ($17K, 10x smaller) is a real competitor. Local food/organic produce keyword niches both empty. Trending category, real opportunity.",A map that shows you where the local farmers markets are happening near you.,Farm-to-table is trending. Only one tiny app competes. Huge open space.
Root: Farmers Market Finder,US,Food & Drink,https://app.sensortower.com/overview/6760575738?country=US,2026-03-19,"21,000","$17,000",New,"ORGANIC. Just starting paid UA. $0.83 RPD healthy. PlatePal publisher. Same niche as Localize but smaller, trying to grow.",farmers market,https://app.sensortower.com/search?entity_type=app&os=unified&device=iphone&device=ipad&device=android&search_by=name&search_by=description&search_by=subtitle&page=1&page_size=25&term=farmers+market,59 pages ~1475 noisy. Localize $153K dominates. Root #2 at $17K (this app). Only 2 real players in niche,local food finder,https://app.sensortower.com/search?entity_type=app&os=unified&device=iphone&device=ipad&device=android&search_by=name&search_by=description&search_by=subtitle&page=1&page_size=25&term=local+food+finder,1 page 4 results — ALL dead. Niche empty,organic local produce,https://app.sensortower.com/search?entity_type=app&os=unified&device=iphone&device=ipad&device=android&search_by=name&search_by=description&search_by=subtitle&page=1&page_size=25&term=organic+local+produce,1 page 7 results — ALL dead. Niche empty,"🟢 GREEN — Same farmers market locator niche as Localize. Root solid #2 at $17K with $0.83 RPD. Just starting paid UA. Niche has only 2 real players, both monetizing well. Real opportunity.",Same as Localize — finds farmers markets near you.,The niche has only two real apps and both make real money. Plenty of room.
Dashi: Recipe App,US,Food & Drink,https://app.sensortower.com/overview/6757019679?country=US,2025-12-31,"17,000","$13,300",Inactive,ORGANIC. Studio 42. $0.84 RPD healthy. Inactive ads = pure organic monetization. Generic name limits ASO ceiling.,recipe app,https://app.sensortower.com/search?entity_type=app&os=unified&device=iphone&device=ipad&device=android&search_by=name&search_by=description&search_by=subtitle&page=1&page_size=25&term=recipe+app,"300 pages ~7500 — America's Test Kitchen 20K DL/$168K/mo, Starbucks Secret Menu $39K, Annabel Karmel $31K, Dashi $13K","(skipped — verdict clear, market saturated 7500+ apps)",,,(skipped),,,"⚠️ YELLOW — Recipe market hugely saturated (7500+ apps, ATK $168K). BUT Dashi making $13K/mo ORGANICALLY (Inactive ads) with $0.84 RPD = real PMF at small scale. Generic brand limits ASO. Worth watching as proof indie can carve niche.",A simple recipe app for everyday home cooking.,"Recipe app market has 7,500+ players. Dashi makes some money organically, but ceiling is low."
BarrelBook: Whiskey Collection,US,Food & Drink,https://app.sensortower.com/overview/6751737898?country=US,2025-12-15,"2,000","$1,000",Active,ORGANIC + Active UA. Solo dev (Peter Reilly). $1.35 RPD. Premium whiskey collector audience.,whiskey collection,https://app.sensortower.com/search?entity_type=app&os=unified&device=iphone&device=ipad&device=android&search_by=name&search_by=description&search_by=subtitle&page=1&page_size=25&term=whiskey+collection,1 page ~15 — BarrelBook leads (1.4K/$1.3K). Whiskr Whisky Tasting only other earner ($18). Niche has only ONE real player,wine cellar app,https://app.sensortower.com/search?entity_type=app&os=unified&device=iphone&device=ipad&device=android&search_by=name&search_by=description&search_by=subtitle&page=1&page_size=25&term=wine+cellar+app,1 page ~17 — Adjacent niche. InVintory: Wine Cellar 27K DL/$89K/mo proves alcohol collection tracking model scales. Whiskey side wide open vs wine,(skipped — verdict clear),,,"🟢 GREEN — Whiskey collection niche genuinely uncrowded. BarrelBook sole real player at $1.3K/mo. Wine cellar adjacent (InVintory $89K/mo) proves model scales. Premium audience, $1.35 RPD healthy. Niche-but-monetizing opportunity.","A digital ""shelf"" where whiskey collectors track their bottles.",No real competitor exists. Wine cellar apps prove people pay for this kind of thing.
Double Holo Pokemon TCG Market,US,Shopping,https://app.sensortower.com/overview/6759494054?country=US,2026-02-27,"31,000","$21,200",New,ORGANIC + just-starting paid UA. $0.47 RPD healthy for marketplace. Pokemon TCG physical card buy/sell platform. Sole real player in niche.,pokemon tcg marketplace,https://app.sensortower.com/search?entity_type=app&os=unified&device=iphone&device=ipad&device=android&search_by=name&search_by=description&search_by=subtitle&page=1&page_size=25&term=pokemon+tcg+marketplace,0 results,trading card marketplace,https://app.sensortower.com/search?entity_type=app&os=unified&device=iphone&device=ipad&device=android&search_by=name&search_by=description&search_by=subtitle&page=1&page_size=25&term=trading+card+marketplace,1 page ~13 results — Topps Total Football 17K DL/$324K/mo (digital sports cards game). BoxedUp Sneaker $6.5K. Most others dead. Pokemon-specific physical card marketplace niche EMPTY,pokemon cards buy sell,https://app.sensortower.com/search?entity_type=app&os=unified&device=iphone&device=ipad&device=android&search_by=name&search_by=description&search_by=subtitle&page=1&page_size=25&term=pokemon+cards+buy+sell,0 results — niche wide open,"🟢 GREEN — Pokemon TCG physical card marketplace niche genuinely uncrowded. Double Holo at $21K/mo is sole real player. Adjacent collector marketplaces (Topps $324K, BoxedUp $6.5K) prove model scales. Pokemon TCG = $1B+ market growing post-Logan-Paul-mania. Real opportunity.",A marketplace for buying and selling real Pokémon trading cards.,Pokémon TCG is a $1B+ market. This is the only real app for buying/selling cards.
BeSure AI,US,Lifestyle,https://app.sensortower.com/overview/6758687933?country=US,2026-02-23,"17,000",$807,New,Novel niche: AI dealer contract fee scanner. Catches hidden dealer markups during car purchase. $0.04 RPD reflects 1-2x lifetime use case.,dealer contract scanner,https://app.sensortower.com/search?entity_type=app&os=unified&device=iphone&device=ipad&device=android&search_by=name&search_by=description&search_by=subtitle&page=1&page_size=25&term=dealer+contract+scanner,"0 results — niche completely EMPTY, no competitors",car buying app,https://app.sensortower.com/search?entity_type=app&os=unified&device=iphone&device=ipad&device=android&search_by=name&search_by=description&search_by=subtitle&page=1&page_size=25&term=car+buying+app,"2 pages ~50 — DriveTime 27K/$0, Carbae 160/$0, TrueCar/$0. ALL $0 in-app rev (commission off-app via dealer affiliate)",vehicle history report,https://app.sensortower.com/search?entity_type=app&os=unified&device=iphone&device=ipad&device=android&search_by=name&search_by=description&search_by=subtitle&page=1&page_size=25&term=vehicle+history+report,"7 pages ~175 — CARFAX 395K DL/$444K/mo dominates adjacent niche, carVertical 120K/$86K","⚠️ YELLOW — Unique niche (AI car contract scanner, 0 competitors). BUT car purchase = 1-2x lifetime event, no recurring subscription model fits. $0.04 RPD reflects this. Could pivot to broader financial protection.",AI car-contract scanner that catches sneaky fees at the dealership.,"No competitor exists, but people only buy a car every few years — hard to charge monthly."
TripRank - Speed Tracker,US,Navigation,https://app.sensortower.com/overview/6757245082?country=US,2026-01-06,"178,000","$151,200",New,"ORGANIC + just-starting paid UA. $0.72 RPD healthy. Subtitle ""#1 Speed Tracker"". Promo ""Turns your drives into data worth flexing"" — shareable trip cards differentiate from generic speedometers. G-force/acceleration stats. Top US/Germany/UK.",speed tracker,https://app.sensortower.com/search?entity_type=app&os=unified&device=iphone&device=ipad&device=android&search_by=name&search_by=description&search_by=subtitle&page=1&page_size=25&term=speed+tracker,"30 results — Crowded. ZipoApps $43K/mo, LightApps $114K/mo, WATT APPS $68K/mo, Duyou $31K/mo, Mikhail $32K/mo. Multiple $50K+ players.",driving stats tracker,https://app.sensortower.com/search?entity_type=app&os=unified&device=iphone&device=ipad&device=android&search_by=name&search_by=description&search_by=subtitle&page=1&page_size=25&term=driving+stats+tracker,0 results — empty niche,trip tracker app,https://app.sensortower.com/search?entity_type=app&os=unified&device=iphone&device=ipad&device=android&search_by=name&search_by=description&search_by=subtitle&page=1&page_size=25&term=trip+tracker+app,"13 results — ALL DEAD, 0 DLs/$0 rev each","⚠️ YELLOW — Speed tracker market crowded (30 apps, multiple $50K+ incumbents) but TripRank's shareable trip card / social flex angle is genuinely uncrowded. $149K/mo at 4 months validates model.",Tracks how fast you drive and makes a cool picture of your trip you can show your friends.,People love bragging about stuff. Other speed apps just show numbers — this one makes a picture you can share.
FlockHopper,US,Navigation,https://app.sensortower.com/overview/6762170253?country=US,2026-04-22,"5,000",$0,N/A,"ORGANIC. Solo dev. Anti-surveillance navigation that routes around ALPR cameras. Tip-jar IAPs ($4.99-$49.99 one-time, no subscription). Open source nav core (Ferrostar). US-only.",alpr camera,https://app.sensortower.com/search?entity_type=app&os=unified&device=iphone&device=ipad&device=android&search_by=name&search_by=description&search_by=subtitle&page=1&page_size=25&term=alpr+camera,5 results — FlockHopper + HighwayRadar (4 DLs/$13) + irrelevant. Empty niche.,privacy navigation app,https://app.sensortower.com/search?entity_type=app&os=unified&device=iphone&device=ipad&device=android&search_by=name&search_by=description&search_by=subtitle&page=1&page_size=25&term=privacy+navigation+app,0 results — empty niche,license plate reader,https://app.sensortower.com/search?entity_type=app&os=unified&device=iphone&device=ipad&device=android&search_by=name&search_by=description&search_by=subtitle&page=1&page_size=25&term=license+plate+reader,"20 results — DeFlock.me (TechBS) 52K DLs/$0 is established competitor (same angle, 10x bigger). All others dead or non-consumer.",⚠️ YELLOW — Novel anti-surveillance/ALPR-aware nav angle is timely (Flock Safety controversy). DeFlock.me 52K DLs/$0 proves audience but reveals monetization problem. Privacy-cause apps don't monetize via subscriptions.,Finds you a way to drive places without going past cameras that read your car's plate.,Lots of people are worried about being watched while driving. They want their trips kept private.
Location Changer - Loca Change,US,Navigation,https://app.sensortower.com/overview/6758940330?country=US,2026-02-28,"14,000","$6,000",Active,"PAID UA + ASO. Subtitle ""Teleport, Joystick & GPS Share"" = Pokemon Go spoofing language. Description disclaims actual GPS spoofing — App Store rule skirting. $0.39 RPD. Sub pricing $5.99w/$12.99m/$29.99yr.",fake gps location,https://app.sensortower.com/search?entity_type=app&os=unified&device=iphone&device=ipad&device=android&search_by=name&search_by=description&search_by=subtitle&page=1&page_size=25&term=fake+gps+location,"20+ results, saturated. GPS Emulator (Digitools UY) 101K DL/$29.7K leads. Hope Factory Spoofer $8.6K, VDL Tech LocaEdit $12.3K, App Ninjas JoyStick $6.7K, PoGoskill $9.4K. Multiple $6-30K/mo players.",(skipped — verdict clear),,,(skipped — verdict clear),,,🔴 RED — GPS spoofing/Pokemon Go cheat market saturated. 20+ apps. Multiple $6-30K/mo incumbents. App Store rule-skirting risk.,Tricks your phone into thinking you're somewhere else so you can cheat in location games.,"People love cheating in Pokémon GO. But too many apps already do this, and Apple keeps deleting them."
Marine Traffic Vessel Finder,US,Navigation,https://app.sensortower.com/overview/6756645770?country=US,2025-12-22,"7,000","$8,000",Active,PAID UA + ORGANIC. $0.99 RPD healthy. Real-time AIS vessel tracking + port info + weather. Free App Studio (Soosky). Top US/Norway/Canada — coastal/maritime audience. $5.99w/$39.99yr.,vessel tracker,https://app.sensortower.com/search?entity_type=app&os=unified&device=iphone&device=ipad&device=android&search_by=name&search_by=description&search_by=subtitle&page=1&page_size=25&term=vessel+tracker,"~50 results, niche but real. Marine Traffic Tracker (Lascade) 60K DL/$17.7K leads. Marine Traffic Vessel Finder $8K is mid-tier. MarineRed Traffic $5K, Tracking apps Club $2.4K, ShipAtlas $4.7K.",(skipped — verdict clear),,,(skipped — verdict clear),,,"⚠️ YELLOW — Marine vessel tracker niche has real audience and proven monetization ($0.99 RPD). Lascade leads at $17K but multiple mid-tier players. CAVEAT: All apps cluster around ""Marine Traffic"" — trademark-adjacent risk.",Shows where every ship in the ocean is right now on a map.,People who live near the sea or love boats really enjoy watching ships and learning about them.
Gameworld GO: IRL Missions,US,Navigation,https://app.sensortower.com/overview/6758951495?country=US,2026-03-13,"4,000","$4,000",Active,PAID UA. $0.77 RPD healthy. Solo dev (Arnaud AUBRY/Zebra Rodeo). Game-aesthetic map themes + IRL missions + game soundtracks + CarPlay. Top US/Canada/Australia. $3.99w/$6.99-14.99m/$19.99-29.99yr/$29.99-49.99 one-time.,game style map,https://app.sensortower.com/search?entity_type=app&os=unified&device=iphone&device=ipad&device=android&search_by=name&search_by=description&search_by=subtitle&page=1&page_size=25&term=game+style+map,"~8 results, mostly DBZ irrelevant. Only Gaming Maps - Game Street View 280 DL/$10 loosely related. Niche empty.",irl game map,https://app.sensortower.com/search?entity_type=app&os=unified&device=iphone&device=ipad&device=android&search_by=name&search_by=description&search_by=subtitle&page=1&page_size=25&term=irl+game+map,0 results — empty niche,(skipped — verdict clear),,,🟢 GREEN — Gamified-navigation niche genuinely empty. $4K/mo in 2 months from solo dev. $0.77 RPD healthy. Pokemon Go proved gamified real-world movement = $1B+ category; this is the indie-friendly subset.,Makes your map look like a video game and gives you little missions to do in real life.,Driving is boring. Making it feel like a game makes regular trips fun. No other app does this.
Urbex: Abandoned World,US,Navigation,https://app.sensortower.com/overview/6751201068?country=US,2026-02-12,"14,000","$4,000",Active,PAID UA + ORGANIC. $0.21 RPD low but growing. Latvian publisher (AGRO-INVESTICIJAS SIA). Urban exploration location finder + community uploads. Top US/UK/France. $4.99w/$12.99m/$39.99yr/$59.99 lifetime.,urbex abandoned,https://app.sensortower.com/search?entity_type=app&os=unified&device=iphone&device=ipad&device=android&search_by=name&search_by=description&search_by=subtitle&page=1&page_size=25&term=urbex+abandoned,4 results — Urbex alone at $4K. Others paranormal/EMF/photo apps — irrelevant. Niche empty.,abandoned places map,https://app.sensortower.com/search?entity_type=app&os=unified&device=iphone&device=ipad&device=android&search_by=name&search_by=description&search_by=subtitle&page=1&page_size=25&term=abandoned+places+map,0 results — empty niche,(skipped — verdict clear),,,🟢 GREEN — Urbex/abandoned places locator niche genuinely empty. $4K/mo in 3 months with community uploads model. Real audience (urbex Reddit/Instagram = millions of enthusiasts). Lifetime $59.99 targets dedicated explorers.,"Shows a map of empty hospitals, old factories, and forgotten places you can go explore.",Tons of people love exploring creepy old buildings. No other app helps them find these spots.
"Velox: Drive, Convoy, Explore",US,Navigation,https://app.sensortower.com/overview/6754770506?country=US,2026-02-07,"24,000",$0,N/A,ORGANIC. Social driving / car enthusiast community + convoys. JaamWays LLC. Free no IAP. 3 months old. Top US/UK/Canada.,car enthusiast community,https://app.sensortower.com/search?entity_type=app&os=unified&device=iphone&device=ipad&device=android&search_by=name&search_by=description&search_by=subtitle&page=1&page_size=25&term=car+enthusiast+community,20+ results — almost ALL DEAD ($0 rev). Only FIRST2 $385/mo and Benzifi $554/mo making meaningful revenue. Velox at 24K DLs LEADS by volume but $0 in-app rev.,(skipped — verdict clear),,,(skipped),,,🔴 RED — Car enthusiast social community apps tried repeatedly with $0 revenue across category. Social-platform model requires network effects + ads/sponsorships — not indie-revenue-clonable.,A social spot where car fans share pictures of their cars and plan group drives together.,Car fans love hanging out together. But the app is free and nobody is willing to pay for it.
Street View - Live Earth Maps,US,Navigation,https://app.sensortower.com/overview/6759705007?country=US,2026-04-14,"10,000","$1,000",New,PAID UA + ASO. $0.12 RPD low. Subscription-required (no free content) $9.99w/$49.99yr. Solo dev Craig Jones. Top China/US/Mexico. 1 month old.,"(skipped — same niche as Mappa GPS & Live Earth Camera in DB RED: 150+ apps, clone template)",,,,,,(skipped),,,"🔴 RED — Same Street View / Live Earth Map clone niche as Mappa (existing DB RED): 150+ clone apps, race-to-the-bottom template play. Subscription-only + $0.12 RPD signals burning UA without conversion.",Lets you look at any street in the world like you're standing right there.,Google Maps already does this for free. Too many copy apps are fighting over the same idea.
Speedometer GPS : MPH Tracker,US,Navigation,https://app.sensortower.com/overview/6761100688?country=US,2026-04-06,"16,000","$7,000",Active,PAID UA. $0.46 RPD. WE DAO TECH (Vietnamese publisher). Keyword-stuffed description = classic ASO spam. No real differentiation. $9.99w/$49.99yr.,"(skipped — same crowded speedometer market as TripRank analysis: 30 results, ZipoApps $43K, LightApps $114K, WATT APPS $68K, Mikhail $32K, Duyou $31K dominate)",,,,,,(skipped),,,🔴 RED — Generic speedometer clone in same crowded market as TripRank. $7K mid-pack with no differentiation. Keyword-stuffed description = ASO race-to-bottom.,"Shows how fast you're driving, just like the speedometer in your car.",Way too many speedometer apps already exist. This one doesn't do anything new or better.
Rods — Corner & Road Alerts,US,Navigation,https://app.sensortower.com/overview/6758915466?country=US,2026-04-24,"2,000",$526,N/A,ORGANIC. Lithuanian solo dev (Buildrhaus). Rally-style corner callouts — AI co-driver for enthusiast driving (twisty/mountain/canyon roads). Calls out direction/severity/shape/distance + hazards. $9.59m/$29.90yr. 14-day trial. 3 weeks old.,rally corner callouts,https://app.sensortower.com/search?entity_type=app&os=unified&device=iphone&device=ipad&device=android&search_by=name&search_by=description&search_by=subtitle&page=1&page_size=25&term=rally+corner+callouts,0 results — empty niche,driving co-driver pacenotes,https://app.sensortower.com/search?entity_type=app&os=unified&device=iphone&device=ipad&device=android&search_by=name&search_by=description&search_by=subtitle&page=1&page_size=25&term=driving+co-driver+pacenotes,0 results — empty niche,(skipped — verdict clear from empty niches),,,🟢 GREEN — Rally-pacenotes / co-driver app niche GENUINELY EMPTY (0 results across keywords). Novel concept with passionate target audience (motorcyclists/sports car owners/canyon carvers). $526 in 3 weeks with subscription pricing that fits.,Talks to you while you drive on twisty roads and tells you what kind of turn is coming next.,Car fans love feeling like a race-car driver. No other app does this and they want to feel pro.
Jam AI - AI Songs & Music,US,Music,https://app.sensortower.com/overview/6763723028?country=US,2026-04-28,"18,000","$20,300",N/A,"ORGANIC + viral. CapyBobo Corp. $1.13 RPD. Novel angle: text/screenshot/photo-to-song (turn texts into rap songs, photos into lyrics). 18 days old. $7.99-14.99w / $49.99-89.99yr.",ai song generator,https://app.sensortower.com/search?entity_type=app&os=unified&device=iphone&device=ipad&device=android&search_by=name&search_by=description&search_by=subtitle&page=1&page_size=25&term=ai+song+generator,"25+ results, MASSIVELY SATURATED. Donna AI (Mobiversite) 997K DL/$1M dominates. Scate Mozart $591K, TWOWISE Jukebox $360K, TECH ALPHA Shoom $433K, Kunlun Mureka $315K, Madduck Zona $261K, STARWAVE MusicLab $120K, SingUp $109K, Muzio $112K. Multiple $100K-$1M+/mo players.",(skipped — verdict clear),,,(skipped),,,⚠️ YELLOW — AI song generator market HOT but extremely saturated with $100K-$1M+ players. Jam AI's screenshot/text-to-song angle is novel and $20K in 18 days shows fast adoption. Risk: late entrant in mature category dominated by Donna/Mozart/Shoom giants.,Turns your text messages or photos into funny songs you can share on TikTok.,Making silly songs about your friends is super fun. But many bigger AI song apps already exist.
ToneAdapt - Guitar Tone Match,US,Music,https://app.sensortower.com/overview/6761394160?country=US,2026-04-10,"15,000","$9,000",New,"ORGANIC + just-starting paid UA. Solo dev (Kyan Santiago-Calling). $0.62 RPD. Tone-matching engine: pick artist tone, enter your specific gear (amp/pedals), get translated settings. 3,600+ gear database, 90K+ community tones. Top US/UK/Canada. $6.99-9.99w/$14.99m/$59.99-74.99yr.",guitar tone match,https://app.sensortower.com/search?entity_type=app&os=unified&device=iphone&device=ipad&device=android&search_by=name&search_by=description&search_by=subtitle&page=1&page_size=25&term=guitar+tone+match,2 results — ToneAdapt + 1 dead app. Niche empty.,guitar amp settings,https://app.sensortower.com/search?entity_type=app&os=unified&device=iphone&device=ipad&device=android&search_by=name&search_by=description&search_by=subtitle&page=1&page_size=25&term=guitar+amp+settings,3 results — all dead. Niche empty.,(skipped — verdict clear),,,🟢 GREEN — Guitar tone-matching niche GENUINELY EMPTY. ToneAdapt alone at $9K/mo in 1 month. Solo dev. Real consumer pain point (translate famous artist tones to YOUR specific gear). Massive guitarist audience.,Tells guitar players exactly how to set their amp to sound just like their favorite songs.,Guitar players try hard to copy famous sounds. No other app helps them do this with their own gear.
Muvio - AI Music Video Maker,US,Music,https://app.sensortower.com/overview/6758080546?country=US,2026-02-02,"61,000","$86,000",N/A,STARWAVE AI (same publisher as MusicLab in AI song generator search at $120K). $1.46 RPD. Music-to-MV creation + text-to-music + text-to-lyrics. Top US/Brazil/Indonesia. $9.99w/$29.99m/$59.99yr + credit packs.,ai music video maker,https://app.sensortower.com/search?entity_type=app&os=unified&device=iphone&device=ipad&device=android&search_by=name&search_by=description&search_by=subtitle&page=1&page_size=25&term=ai+music+video+maker,"21 results, saturated. Rythmix (Vivalive HK) 845K DL/$700K dominates. VibeMe AI 94K/$85K, MV AI Muvio (this app) 60K/$85K mid-pack, Yuna 58K/$181K, Beat.ly 1.6M DLs/$1.4K, Songdio $10K. Multiple $10-700K/mo players.",(skipped — verdict clear),,,(skipped),,,"🔴 RED — AI music video maker market saturated. Rythmix $700K dominates, multiple $85-181K mid-tier players. Muvio at $85K mid-pack with no differentiation. Same publisher as MusicLab — STARWAVE cycling generic AI music templates.",Makes a music video from any song using AI-made pictures that move along.,Many apps already make AI music videos. This one isn't very different from the rest.
Belika: Corridos & Regional IA,US,Music,https://app.sensortower.com/overview/6756085140?country=US,2026-01-15,"7,000","$14,800",N/A,ORGANIC. Solo dev (Sanzih Nambhe). AI music generator specifically for Corridos Tumbados/Sierreño/Regional Mexicano/Reggaeton/Trap Latino. $1.04 RPD. 4 months old. Top US/Mexico/Guatemala. $7.99-29.99/mo.,corridos tumbados ai,https://app.sensortower.com/search?entity_type=app&os=unified&device=iphone&device=ipad&device=android&search_by=name&search_by=description&search_by=subtitle&page=1&page_size=25&term=corridos+tumbados+ai,0 results — empty niche,musica regional mexicana,https://app.sensortower.com/search?entity_type=app&os=unified&device=iphone&device=ipad&device=android&search_by=name&search_by=description&search_by=subtitle&page=1&page_size=25&term=musica+regional+mexicana,"25+ results, ALL DEAD or music players/radio stations. No AI music generators in Latin/Regional Mexican music space.",(skipped — verdict clear),,,🟢 GREEN — AI Latin/Regional Mexican music generator is GENUINELY EMPTY niche. Belika alone. $14.8K/mo with healthy $1.04 RPD. Corridos Tumbados is HOT genre (Peso Pluma led $100M+ industry). Cultural/language differentiation from saturated English AI music market. Strong indie opportunity.,"Uses AI to make Mexican-style songs (Corridos, Trap Latino) all in Spanish.","Tons of Mexican music fans, but no AI music app speaks their language or knows their music styles."
Mixio Music-Music Mixer,US,Music,https://app.sensortower.com/overview/6757215390?country=US,2026-01-10,"21,000",$0,Active,PAID UA + Free no IAP visible. Chinese publisher (经纬 汪). Generic audio synthesizer/splicer. Top US/Dominican Republic/Venezuela. 4 months old.,"(skipped — saturated audio mixer category dominated by GarageBand, Voloco, etc.)",,,,,,(skipped),,,🔴 RED — Audio mixer/synthesizer market saturated (GarageBand free is industry standard). Free + Active UA + $0 rev = burning money. Generic Chinese-publisher template with no differentiation.,Lets you mix songs together and cut audio clips into smaller pieces.,Apple already gives this away for free in GarageBand. Hard to charge for what people get free.
Mozart AI: AI Music Studio,US,Music,https://app.sensortower.com/overview/6758667169?country=US,2026-02-10,"9,000","$1,000",Active,"Arthos (different from Scate's AI Song Generator Mozart at $591K which we analyzed earlier). AI song + music video + iterative refinement (""make guitar more melodic""). $0.11 RPD. $8-30/mo / $84-300/yr Creator/Pro/Premium tiers.","(skipped — same saturated AI song generator market: Donna AI $1M, Scate Mozart $591K, Jukebox $360K, Shoom $433K)",,,,,,(skipped),,,"🔴 RED — Same saturated AI song generator market analyzed for Jam AI. Donna AI $1M dominates, Scate Mozart $591K (TRADEMARK CONFLICT with this Arthos app), multiple $100K-$700K mid-tier. Mozart AI by Arthos $1K is bottom-tier with naming-collision risk.",Makes full songs and music videos from a simple idea you type in.,Too many apps already do this same thing. Plus a bigger app has the same name.
Pitch Trainer - Ear Training,US,Music,https://app.sensortower.com/overview/6758199236?country=US,2026-01-27,"1,000",$791,Active,ORGANIC + PAID UA. Solo dev (Wei Liu). $0.82 RPD healthy. Perfect Pitch + Interval + Chord recognition with structured lessons + custom drills. $4.99w/$8.99m/$59.99yr. Top US/Egypt/Turkey.,ear training intervals,https://app.sensortower.com/search?entity_type=app&os=unified&device=iphone&device=ipad&device=android&search_by=name&search_by=description&search_by=subtitle&page=1&page_size=25&term=ear+training+intervals,"7 results, all dead ($0 rev). Niche empty.",perfect pitch trainer,https://app.sensortower.com/search?entity_type=app&os=unified&device=iphone&device=ipad&device=android&search_by=name&search_by=description&search_by=subtitle&page=1&page_size=25&term=perfect+pitch+trainer,"15 results, ALL DEAD with 0 DLs/$0 rev. Pitch Trainer is the ONLY monetizing player.",(skipped — verdict clear),,,🟢 GREEN — Ear training / perfect pitch / interval / chord recognition niche genuinely empty of monetizing competitors. Pitch Trainer alone at $791/mo with $0.82 RPD. Real audience (music students/instrumentalists/music schools). Early-stage but viable indie opportunity.,Helps people learning music figure out what notes and chords they hear just by listening.,Music students NEED this to get better. They will pay for it. No other app makes good money doing this.
MusicTunes - AI Song Generator,US,Music,https://app.sensortower.com/overview/6758124709?country=US,2026-02-08,"2,000",$378,New,X-SPARK HK. Generic AI song generator + lyrics. $0.07 RPD terrible. $9.99w/$49.99yr + credit packs $2.99/$19.99/$49.99/$119.99. 3 months old.,"(skipped — same saturated AI song generator market: Donna $1M, Scate Mozart $591K, etc.)",,,,,,(skipped),,,🔴 RED — Same saturated AI song generator market. Bottom-tier player at $378/mo with $0.07 RPD. Generic HK clone with no differentiation from Donna/Mozart/Jukebox giants.,Makes songs from a short text you type in using AI.,This is just a copy of bigger apps. Almost nobody is paying for it.